{"cameraMode":{"drawMode":0,"name":"Shaded","section":"Shading Mode"},"sceneLighting":true,"audioPlay":false,"sceneViewState":{"showFog":true,"showMaterialUpdate":false,"showSkybox":true,"showFlares":true,"showImageEffects":true,"showParticleSystems":true},"in2DMode":false,"pivot":{"x":0.039999961853027347,"y":0.9600000381469727,"z":-1.8000001907348633},"rotation":{"x":0.44597887992858889,"y":-0.09317510575056076,"z":0.046750061213970187,"w":0.8889520168304443},"size":34.64685821533203,"orthographic":false}